file;mark;recovery;drop
00e03657-8e1e-4c8c-a724-1d3c77b48510;[0.0,235.9225,237.06666666666666,2076.0605555555558,2088.7255555555557,2419.9805555555554,2437.4241666666667,2471.476388888889,2511.055,2603.5402777777776,2738.0433333333335,2740.2566666666667,2752.1008333333334,2769.5905555555555,2857.6280555555554,3177.7994444444444,3453.6875,3763.9605555555554,3770.1033333333335,4914.074444444444,6267.9925,7368.831666666667,7372.155555555555,7602.088333333333,8679.103055555555,9057.485,9064.95,9071.381388888889,9082.348055555556,9094.023333333333,9106.014444444445,9114.1225,9138.227222222222,9142.33,9152.085555555555,9156.626944444444,9271.046944444444,9276.128055555555,10127.53638888889];[[2419.9805555555554,2437.4241666666667],[3177.7994444444444,3453.6875],[3763.9605555555554,3770.1033333333335]];[[3453.6875,3763.9605555555554]]
00e4dba2-36d2-42b4-beb1-c55aed75f506;[0.0,7979.234444444444,13284.465,19439.800555555557];[];[[13284.465,19439.800555555557]]
00f035b7-ad7a-4f30-9081-522a3c10805b;[0.0,42.75,2438.3330555555553];[];[[0.0,42.75]]
01a0c034-6afc-4e73-95fa-621f702a0b7d;[0.0,491.98305555555555,1439.9830555555557,1547.9830555555557,1552.9830555555557,1655.9830555555557];[];[[0.0,491.98305555555555]]
01a530d3-6496-4515-9fbb-4f44e298fd29;[0.0,1287.0341666666666,1288.0483333333334,1560.2933333333333,1574.2930555555556,1576.6880555555556,1934.9291666666666,1936.2841666666666,1954.1158333333333,2056.3441666666668,2058.2780555555555,3948.3725,3951.9169444444447,4920.376666666667,6208.231666666667,6234.796666666667,6252.835277777778,6835.707777777778,6918.860833333333,6920.779444444444,8925.823055555555];[];[[4920.376666666667,6208.231666666667]]
01aaea9a-ad84-4e6d-9945-48c8b12437a7;[0.0,840.0,984.0,2546.163888888889,4820.4425,5075.2,5340.983055555555,5406.383055555556,5784.0];[];[[2546.163888888889,4820.4425]]
01c3faa0-cbe3-47c5-b7d4-f067748202d3;[0.0,1477.838888888889,1532.32,1866.7844444444445,2584.186388888889,2655.2144444444443,2965.9880555555555,2969.3280555555557,3831.5916666666667,3834.4494444444445,3858.3080555555557,4569.697777777777,4572.788333333333,4837.235555555556,4889.5055555555555,4913.190277777778,5036.100833333333,5182.187777777778,5188.706666666667,8265.348055555556,8504.383333333333,8508.231944444444,9564.314444444444,9836.849444444444,9840.750833333334,10087.386388888888,10097.511388888888,10366.288055555555,11250.816666666668,11263.72388888889,11294.751666666667,11305.416944444445,11831.15,11989.930555555555,12062.3475,12112.201666666666,12151.93888888889,12165.515555555556,12176.878888888888,12370.552777777777,12470.47,12569.233055555556,12615.235555555555,13989.970555555556,14085.535277777777,15487.058055555555,15762.298888888889,15996.647777777778,16505.0325,17392.81166666667,17410.660277777777,17520.319166666668,18112.331666666665,18165.88888888889,18362.38388888889,18391.193888888887,18395.584444444445,19438.501666666667];[];[]
01d23ae5-ccfb-48ca-95e8-908c7813a2b1;[0.0,16.733055555555556,43.35,116.85,149.43305555555557,224.26666666666668,353.26666666666665];[];[]
01dd93fd-56c2-4d30-889a-4afd85126784;[0.0,975.7855555555556,1409.2202777777777,2412.0944444444444,3498.3475,3591.4466666666667,3608.422777777778,3645.389166666667,3913.1430555555557,4197.651666666667,7165.580833333333,7332.405277777778,9713.915,10908.931388888888,11273.236944444445,12911.460555555555,13475.965833333334,13570.576666666666,14073.56388888889,14241.449166666667,14243.804166666667,14343.637777777778,14376.558888888889,14785.380555555555,14968.186944444444,14972.3275,15014.045555555556,15020.444444444445,15060.628055555555,15061.915555555555,15189.340277777777,17995.208333333332,21599.656666666666,22834.799166666668,23208.215833333332,24922.799166666668];[];[[3498.3475,3591.4466666666667]]
0a1c3899-24d5-43aa-9b86-3115b3eeca64;[0.0,1.6480555555555556,400.73,465.0413888888889,525.5266666666666,1113.7458333333334,2049.8791666666666,2051.21,2081.0577777777776,2089.7630555555556];[];[[1.6480555555555556,400.73]]
0a269af2-4455-4897-8a01-308ff137b15b;[0.0,10045.820833333333,10165.977777777778,16187.0];[[10045.820833333333,10165.977777777778]];[]
0a497cb3-4a85-4df9-9dc2-b814f4ad33b4;[0.0,19.621666666666666,339.59805555555556,719.1777777777778,726.5541666666667,1843.5630555555556,1859.7116666666666,1915.5919444444444,1917.2825,1934.9241666666667,1956.7080555555556,2364.3733333333334,2367.8794444444443,3340.8680555555557,3345.8758333333335,3349.9108333333334,3353.0055555555555,3614.7077777777777,3618.1841666666664,4407.249444444445,4410.696944444445,4910.931666666666,4913.621388888889,6052.348055555555,6054.658333333334,6320.820833333333,6327.253055555556,6348.444166666667,6354.236111111111,6427.615,6431.6075,6493.735277777778,6496.605555555556,6508.291666666667,6509.583055555556,6757.551666666666,6761.4013888888885,6812.369166666666,6814.650555555556,7427.982777777778,7430.715833333334,7813.443888888889,7816.344166666667,7934.510833333334,7938.946111111111,8247.751666666667,8249.981944444444,8494.261944444444,10536.656944444445,10542.882777777777,11460.830555555556,11475.765555555556,11539.954166666666,11553.2275,11578.2825,11581.315,12917.410555555556,12924.795,13146.486666666666,13148.915555555555,13676.852777777778,13681.793055555556,13940.163888888888,13942.00138888889,15217.440277777778,15220.846944444444,15237.726944444445,15241.155,15686.374166666666,15688.996666666666,15741.505833333333,15745.7025,15748.401944444444,15752.6225,16001.693055555555,16127.628055555555,18179.236666666668,18185.47527777778,18686.2375,18690.660555555554,18812.703055555554,18817.806666666667,19214.756666666668,19219.076944444445,19235.308055555557,19241.27888888889,19364.31333333333,19375.141944444444,19409.74027777778,20594.31166666667,21164.951666666668,21484.000555555554];[];[[19.621666666666666,339.59805555555556],[11553.2275,11578.2825]]
0a4c4fd4-25f6-4585-b8c8-b24fcf34cb28;[0.0,1552.2341666666666,1747.1905555555556,1749.1491666666666,3352.5605555555558,4583.375];[];[[1552.2341666666666,1747.1905555555556]]
0a9816bb-2a0f-44fa-82ad-cdb6e0d0eeaf;[0.0,1159.0830555555556,1159.6008333333334,1172.6930555555555,1173.3916666666667,1227.515,1268.9944444444445,1439.7258333333334];[[1172.6930555555555,1173.3916666666667],[1268.9944444444445,1439.7258333333334]];[[1159.6008333333334,1172.6930555555555],[1173.3916666666667,1227.515]]
0abc6388-1e87-4d01-99d3-a86d5731d168;[0.0,997.3366666666667];[];[]
0ad8ecc0-2995-4ee0-832c-5b5b4fa76f36;[0.0,2328.0,3456.0,3912.0,4632.0,5472.0,8184.0,9288.0,10200.0,10704.0,13920.0,18696.0,18840.0,21552.0,21720.0,25560.0];[[2328.0,3456.0]];[[3456.0,3912.0]]
0ae3634c-2236-42bc-94c4-571ca1b37673;[0.0,696.0,792.0,2304.0,2952.0,6360.0,8520.0,9504.0,12000.0,12384.0,13032.0];[[2304.0,2952.0]];[]
0b01ecfc-468f-4c43-a9fb-0b6c91b5de86;[0.0,3816.2008333333333];[];[[0.0,3816.2008333333333]]
0b13b479-a0cf-4ecc-a7f1-02d9edcbd56c;[0.0,0.02,910.2777777777778,916.5866666666667,1276.9563888888888,1321.3055555555557,6059.321666666667,6170.277777777777,6204.444444444444,6458.848055555555,6468.636666666666,6778.277777777777];[];[[0.02,910.2777777777778]]
0b38bcd7-50b0-4a1d-bffe-1357d28381f0;[0.0,2520.0];[];[]
0b927320-1e39-430f-838e-ed8d5f32f348;[0.0,2.1666666666666665,5.233055555555556,6.65,246.06666666666666,3380.65];[];[]
0bb24bd2-b325-40ae-8de6-a60782494f72;[0.0,2247.9280555555556,2339.244166666667,4734.974166666667,4746.520277777778,11919.838055555556,12095.868888888888,12803.880555555555];[[2247.9280555555556,2339.244166666667]];[[2339.244166666667,4734.974166666667],[11919.838055555556,12095.868888888888]]
0c0f4c97-aedd-42e6-9a3c-b5f628833c86;[0.0,497.48305555555555,671.8,2033.85];[[497.48305555555555,671.8]];[]
0c24fc2b-e3fe-46c9-b2a1-35932e799ecf;[0.0,286.6480555555556,298.89666666666665,311.28305555555556,441.7363888888889,490.94916666666666,618.0116666666667,2004.9305555555557,8759.313055555556,8789.713055555556,8817.40888888889,8945.719166666666,9056.941388888888,9099.930555555555,9178.603055555555,9263.4825,9303.693333333333,9326.146388888888,11112.346666666666,11243.37388888889,12073.313333333334,12186.268333333333,12261.523333333333,16576.987777777777,16713.75888888889,16746.00138888889,16876.050833333335,16916.81166666667,16985.123055555556,17086.704444444444];[];[]
0c2c3798-bf13-4d0b-8af1-c097862caa17;[0.0,66.56027777777778,71.34055555555555,206.36305555555555,209.16805555555555,297.9263888888889,325.3880555555556,352.1091666666667,360.05055555555555,408.21777777777777,420.2841666666667,460.06888888888886,461.8305555555556,517.9905555555556,528.0133333333333,559.0405555555556,577.7408333333333,591.3102777777777,601.1230555555555,754.6738888888889,758.9908333333333,1080.705,1081.8591666666666,1122.6866666666667,1129.7458333333334,1140.175,1151.15,1174.513888888889,1201.5927777777779,1255.9133333333334,1299.2391666666667,1324.4805555555556,1378.5491666666667,1397.2305555555556,1405.9775,1420.1455555555556,1431.6341666666667,1442.2691666666667,1446.4780555555556,1452.7130555555555,1460.7144444444446,1463.86,1469.5205555555556,1480.5155555555555,1490.9830555555557];[];[[0.0,66.56027777777778],[461.8305555555556,517.9905555555556]]
0c31a588-734e-4641-b48c-cd46604c47a2;[0.0,2328.0,3456.0,9168.0,9696.0,9768.0,17448.0,18336.0];[[2328.0,3456.0]];[]
0c7cfac7-5aac-457c-9d7b-c4b87685cb3f;[0.0,234.14305555555555,1341.3944444444444,1697.6680555555556,8379.84638888889,8398.429166666667,13588.161666666667];[[234.14305555555555,1341.3944444444444]];[[1341.3944444444444,1697.6680555555556]]
0ccb2b73-3c2f-48d4-88cb-715a71041aa6;[0.0,1125.7952777777778,1161.7083333333333,3256.293888888889,3779.9525,4280.652777777777,4671.675555555556,5932.284166666666,7049.981666666667,8394.34,9064.406388888889,9071.678055555556,10535.371666666666];[];[[3256.293888888889,3779.9525]]
0cce17b6-74da-4db1-bba3-609f51c73840;[0.0,597.1133333333333,662.3091666666667,898.5169444444444,899.6441666666667,974.3694444444444,975.2725,4583.2491666666665];[];[[597.1133333333333,662.3091666666667]]
0cd8b373-f6a5-4769-95aa-cbb8459b9395;[0.0,1792.2341666666666,2045.07,2081.8205555555555,2921.0802777777776,3653.3258333333333,3683.805,3845.3505555555557,3878.3016666666667,4166.265277777778,4187.7763888888885,6543.918888888889,6564.525833333333,7434.524166666667,7502.554444444444,7979.5280555555555,8532.328055555556,8724.419166666667,8746.342777777778,8752.358055555556,9449.079166666666,9450.051944444445,10140.250277777777,10499.034166666666,10646.396388888888,10979.220277777778,11290.909166666666,11583.129166666668,11796.058055555555,12087.884444444444,12394.904444444444,12683.695277777777,12760.358055555556,12763.925277777778,13023.880555555555,13282.605833333333,13296.740555555556,13355.62,13691.740277777777,13739.171388888888,13743.2075,13764.432777777778,13766.219166666666,13786.010277777777,13791.616666666667,14034.079166666666,14724.055555555555,14969.613888888889,15490.997222222222,15542.111666666666,15734.075555555555,15738.311666666666,15780.571666666667,15924.031944444445,15992.614166666666,16095.584444444445,16119.605,16368.033055555556,18071.411666666667];[];[[2921.0802777777776,3653.3258333333333],[6564.525833333333,7434.524166666667],[7979.5280555555555,8532.328055555556],[8752.358055555556,9449.079166666666],[9450.051944444445,10140.250277777777]]
0cf074b1-e43b-4107-8936-53a289d8dafe;[0.0,323.2894444444444,1782.6622222222222,3447.8094444444446,4151.774166666667,5918.783055555556];[];[]
0cf09d9d-2504-4989-ad68-62d41d151eff;[0.0,4.925,5.083055555555555,16.816666666666666,28.825,53.033055555555556,108.49166666666666,112.28305555555555];[[16.816666666666666,28.825],[28.825,53.033055555555556],[53.033055555555556,108.49166666666666]];[]
0d038dc5-922c-47bb-a852-47225352182e;[0.0,484.94388888888886,676.0202777777778,1445.6152777777777,1612.9375,1613.5830555555556,1801.483888888889,1805.6669444444444,2066.8005555555555,2067.4005555555555,2211.2169444444444,2211.733888888889,2621.0005555555554];[];[[0.0,484.94388888888886]]
0d042063-bf60-46f3-81eb-1e3ff422f05e;[0.0,148.51916666666668,2342.0630555555554,3018.7725,3376.0030555555554,3378.1019444444446,4044.3575,4046.52,14843.641944444444,14870.323055555555,15020.388055555555,15023.268055555556,15038.75138888889,20959.415555555555,20971.146666666667,25763.911944444444,25883.911944444444,25931.911944444444,26051.911944444444,26579.911944444444];[[2342.0630555555554,3018.7725]];[[3018.7725,3376.0030555555554]]
0d1c4b74-8785-4a97-ac3a-4fa9f520b5ad;[0.0,815.8816666666667,997.6480555555555,1226.7216666666666,1228.6516666666666,2003.2416666666666,4117.8116666666665,9166.455555555556,9591.688055555556,10081.939444444444,10582.635555555555];[];[[815.8816666666667,997.6480555555555]]
0d23bf0b-ac9f-4030-ac57-3e61d8b07ceb;[0.0,0.6555555555555556,1.9080555555555556,20.309166666666666,20.49888888888889,26.946666666666665,27.148333333333333,115.98583333333333,116.1613888888889,828.3838888888889,828.5591666666667,1311.0169444444443,1311.1925,1657.2291666666667,2259.678888888889,2259.86,2323.185,2323.295833333333,2400.3580555555554,2522.7680555555557,2522.9430555555555,3050.3391666666666,3050.5144444444445,3183.7616666666668,3183.9366666666665,3773.3883333333333,3811.2894444444446,3815.3480555555557,3864.451666666667,4850.313055555555,4850.488055555556,5319.694444444444,5319.875555555555,5399.875555555555];[];[]
0d37c186-2852-42f9-8336-2c73b25402ff;[0.0,1.2469444444444444,1273.1605555555554,1282.8655555555556,1347.0069444444443,1351.9852777777778,1399.2280555555556,1402.3491666666666,1977.3766666666668];[];[[1.2469444444444444,1273.1605555555554]]
0d3f1e79-6370-4a84-b26a-66ad27c7704b;[0.0,26.154166666666665,826.1977777777778,828.0180555555555,887.1866666666666,2045.0775,2047.9705555555556,2104.0819444444446,2125.0516666666667,2132.3025,2144.736388888889,2146.7716666666665,2173.8269444444445,2175.8308333333334,2197.4166666666665,2200.76,2224.0430555555554,2225.8219444444444,2245.4005555555555,2250.7541666666666,2740.742777777778,4617.724166666667];[];[[2740.742777777778,4617.724166666667]]
0d4db2c6-1795-4e37-bb05-f67f238bb483;[0.0,10.233888888888888,28.679166666666667,36.76555555555556,43.075,384.2625,403.2463888888889,1207.9280555555556,1392.4141666666667,2297.1630555555557,2397.9513888888887,2558.6430555555557,2571.6566666666668,2590.0852777777777,2707.956388888889,2922.4283333333333,2946.257777777778,7671.075555555555,7687.376388888889,8370.401666666667,9355.11638888889,10088.796944444444,10198.145,10620.024166666666,10857.683888888889,11488.920277777777,13868.203333333333,13876.886666666667,15404.636666666667,15931.360277777778,16796.698888888888,17182.184166666666,17716.3175,17972.206944444446,18014.97027777778,18403.924444444445,21522.039444444443,21763.97527777778,22226.385833333334,22337.670555555556,23081.670555555556,23297.670555555556];[[2297.1630555555557,2397.9513888888887],[2590.0852777777777,2707.956388888889]];[[403.2463888888889,1207.9280555555556],[1392.4141666666667,2297.1630555555557],[2397.9513888888887,2558.6430555555557],[2707.956388888889,2922.4283333333333],[21763.97527777778,22226.385833333334]]
0d993ced-dbd8-4079-bacf-a0b300480da8;[0.0,378.13416666666666,445.12555555555554,446.52555555555557,455.71194444444444,697.3194444444445,1942.815,2680.9775,2682.5091666666667,2790.3841666666667,2838.046388888889,2857.3275,2905.2175,3005.75,3008.6283333333336,3056.0830555555553,3057.0533333333333,3109.9966666666664,3212.921388888889,3220.831388888889,3267.0780555555557,3281.755833333333,3384.9030555555555,3509.5944444444444,4202.863333333334,4204.9302777777775,4259.085555555555,4261.3388888888885,4285.7,4286.884444444445,5632.883055555556,6791.883888888889,8073.913055555556,10552.796944444444,10790.475277777778,11557.934444444445,11643.93638888889,12196.375,13301.97,13309.985555555555,13661.596944444444,13663.830555555556,14490.923888888889,14494.080833333333,14745.031944444445,14746.968333333334,15505.091388888888,15517.288055555555,15526.953333333333,15651.9475,15834.750555555556,16072.351666666667,16200.595555555556,17003.1125];[[697.3194444444445,1942.815],[11643.93638888889,12196.375]];[[12196.375,13301.97],[15651.9475,15834.750555555556]]
0dc47ae5-27a7-4396-8d50-59cfba97dc62;[0.0,32.147777777777776,292.69444444444446,307.96416666666664,551.7958333333333,567.6405555555556,695.7958333333333,707.0638888888889,849.0038888888889,866.08,1307.2602777777777,1535.6977777777777,1547.0380555555555,1649.1344444444444,6047.796388888889,6383.796388888889,6503.796388888889,6839.796388888889,6983.796388888889,8855.796388888888];[];[[32.147777777777776,292.69444444444446]]
0dcd5146-cdec-47ed-a00e-89b9e96aa90d;[0.0,108.06666666666666,117.25,135.11666666666667,226.0,234.85,377.81666666666666,598.2166666666667,952.2,956.7330555555556,1655.4166666666667,1676.5330555555556,2252.2330555555554,4382.983055555555,4384.2,4434.9];[];[]
0e13e5c8-a6ee-4fce-ae02-cc84b29f2290;[0.0,565.6141666666666,677.0191666666667,941.5444444444445,1976.9377777777777,2350.0655555555554,9138.745277777778,9188.013333333334,9202.338333333333,18774.725833333334,18850.009444444444,21934.178055555556];[];[]
0e30215f-d62a-45f5-8a8c-d35f6c6f59ad;[0.0,7193.6802777777775,7203.743888888889,7226.215277777777,7230.062777777778,7444.007777777778,7452.096666666666,7544.846666666666,7550.341388888889,8603.835833333333,8852.725277777778,8871.743888888888,9215.680833333334,9278.488888888889,9310.540833333333,9323.107777777777,10155.185555555556,10290.822777777777,11267.97];[];[]
0e45834b-71c4-4ad3-9255-a71e9bd4a387;[0.0,3490.8255555555556,3499.8941666666665,4562.833055555556];[];[[0.0,3490.8255555555556]]
0e543536-eb92-4b27-a639-631033461fb0;[0.0,528.6025,1620.2855555555554,2008.4230555555555,2849.6627777777776];[];[]
0e589fba-2b7c-407f-902f-180fdc041319;[0.0,72.41666666666667,669.8330555555556,3045.8330555555553,3453.8330555555553,3525.8330555555553,3933.8330555555553,4125.833055555556,4557.833055555556,5157.833055555556,5829.833055555556,5973.833055555556,7221.833055555556,7557.833055555556,8037.833055555556,8805.833055555555,9357.833055555555];[];[]
0e6a94f9-018f-438a-821e-fb51d4ed6f7b;[0.0,47.43555555555555,57.778888888888886,84.90083333333334,92.94777777777777,347.83805555555557,396.9613888888889,3287.8083333333334,3295.528888888889,3298.8955555555553,3333.8752777777777,3342.4408333333336,3345.885277777778,3367.878888888889,3370.428888888889,3395.8141666666666,5878.942777777777,6807.895277777778,6862.066666666667,7171.962777777778,7198.576388888889,7882.269166666667,7958.752777777778,8753.990833333333,8826.03638888889,9428.891666666666,9496.716666666667,10686.796666666667];[];[[5878.942777777777,6807.895277777778]]
0e7bc095-559e-4b0b-b727-c7103744ec3c;[0.0,3144.6769444444444,3273.6433333333334,3374.7205555555556,5015.078333333333];[];[[3374.7205555555556,5015.078333333333]]
0ea90951-4f6d-466b-ade1-303a2f7a9366;[0.0,0.8488888888888889,86.075,134.7552777777778,230.48194444444445,236.37,1427.7152777777778];[];[]
0eb10cd0-4778-4477-ad62-b11563aadde9;[0.0,598.0166666666667,746.2752777777778,1022.6280555555555,1958.1027777777779,2059.2525,2136.858888888889,2351.6613888888887,3614.9369444444446,7377.444444444444,7431.905555555555,7689.296666666667,7720.208055555556,8489.564444444444,8518.9575,10141.745833333332,10192.911944444444,10239.581666666667,10241.817222222222,10482.132777777777,10765.87388888889,11041.035,13286.091666666667,13673.066666666668,13906.742777777778,14242.3075,14319.62638888889,15214.1,15249.49138888889,15266.878055555555,15304.11,15784.850555555555,15893.876944444444,15958.29,16071.40888888889,17063.341944444444];[];[]
0ebd4d71-c8d4-42bb-8da1-391189f56843;[0.0,325.35805555555555,338.3413888888889,581.6894444444445,592.2052777777777,655.8294444444444,668.0588888888889,1759.9316666666666,1776.0216666666668,2685.304166666667,2699.3530555555553,3606.4738888888887,3825.921388888889,4085.2733333333335,5047.884444444445,5336.6325,6222.318333333334,7385.366666666667,7391.154444444444,8176.4077777777775];[];[[3606.4738888888887,3825.921388888889]]
0ee8eafa-67df-4ab6-a7b4-10dfd4d3b830;[0.0,2496.0,3624.0,4779.188055555555,4994.314166666667,5001.790555555555,5239.138055555555,5325.893888888889,6943.0,7080.25,7186.75,7800.0];[];[[4779.188055555555,4994.314166666667]]
0f34b2fd-bfe5-4aa5-951f-39bb8deae8b1;[0.0,36.996944444444445,130.49833333333333,147.49833333333333,895.9988888888889,899.9975,1068.9980555555555,1085.9991666666667,1196.5005555555556,1218.996388888889,1285.9980555555555,1313.9966666666667,1345.9988888888888,1526.4969444444444,1578.9958333333334,1949.9991666666667,1952.9977777777779,2044.4991666666667,2056.9977777777776,2234.9991666666665,2236.4991666666665,2736.5002777777777,2974.0002777777777,2976.4994444444446,3707.4983333333334,3729.9980555555558,3825.4983333333334,4696.996944444444,4702.000555555555,5438.998055555556,5449.4991666666665,5850.496666666667,5853.000555555555,5921.996666666667,5936.497777777778,6085.497777777778,6094.999444444445,6131.498055555556,6136.4975,6951.497777777778,6965.4991666666665,7005.500555555555,7094.4975,7108.998888888889,7163.9975,7973.498333333333,7980.9975,8107.996666666667,8137.0,8323.999444444444];[];[[3729.9980555555558,3825.4983333333334]]
0f553a1e-e926-4564-878d-ceb3d1f2349e;[0.0,839.6666666666666,1295.6666666666667,1655.6666666666667,2135.6666666666665,2279.6666666666665];[];[[0.0,839.6666666666666]]
0f9aadfe-dc72-42e5-9194-e397d6ac2a93;[0.0,552.0,2544.0,3744.0,5712.0,7248.0,12024.0];[];[]
0fba8e5b-33df-435c-9870-b55c4000536a;[0.0,1.1077777777777778,270.6744444444444,1775.0066666666667,13102.639166666666,13625.4375,14694.183055555555];[];[[1.1077777777777778,270.6744444444444]]
0fc2945b-ca39-4616-a390-8a2c7a7b01ef;[0.0,4679.939166666667,4688.743055555556,4986.77,5058.718333333333,5469.130833333334,5492.744166666666,5534.303055555555,6207.145277777778];[];[[4986.77,5058.718333333333]]
0fee1ba0-8eeb-4ca0-acfc-5f363005a543;[0.0,1.3091666666666666,1008.1194444444444,1144.2305555555556,1164.225,1189.8008333333332,1214.793888888889,1239.7866666666666,1612.5325,1656.41,2076.2894444444446,2100.0958333333333,2115.0916666666667,2185.2005555555556,2215.1916666666666,2298.8819444444443,4204.516388888889,5391.354444444444,5491.325,5535.311388888889,7704.015555555556];[];[]
1a184812-f6e0-44cf-b45c-0f9a9e0aca81;[0.0,582.5197222222222,742.4558333333333,758.9138888888889,1019.1866666666666,1025.6233333333332,1261.871388888889,1265.4855555555555,3275.1869444444446,3630.0891666666666,3631.5841666666665,4261.903888888889,4263.569444444444,4339.210277777778,4526.3452777777775,5005.661944444444,5123.410277777778,5478.118055555556,5479.395555555556,6294.280833333333,8101.680555555556,8103.3966666666665,8185.706666666667,8227.13,8624.936666666666,8627.923055555555,9713.153888888888,11345.498333333333];[[8185.706666666667,8227.13]];[[8227.13,8624.936666666666]]
1a49a987-b806-4443-b2da-455fff08b293;[0.0,458.1980555555556,467.7938888888889,946.7913888888888,982.6941666666667,986.8894444444444,1048.4730555555554,1060.0380555555555,1129.5827777777777,1239.8825,1298.0483333333334,1314.0575,2700.3102777777776,3436.3816666666667,3523.5266666666666,3541.2830555555556,3759.2066666666665,3774.9591666666665,3790.6255555555554,3797.3641666666667,3909.538888888889,3949.1652777777776,3953.3083333333334,3958.5391666666665,3964.7527777777777,3968.7,3973.9855555555555,3976.775277777778,3983.8277777777776,3988.2825,3994.5144444444445,4003.7080555555553,4021.067777777778,4626.533055555556,5464.080555555555,5576.519444444444,5805.890833333333,5844.140833333333,5851.295,5867.193888888889,5871.9238888888885,5894.210555555555,5933.003055555556,5942.308055555555,5961.355833333333,5964.839166666667,6950.458888888889,6960.075277777778,7140.139166666667,7191.885833333334,8148.384444444445,8163.843055555555,8276.093055555555,8461.8425,10244.046666666667,10252.7325,10569.125555555556,10597.253055555555,10836.951666666666,10855.235,11034.993055555555,11364.334166666667,11423.236666666666,11542.145555555555];[];[[5576.519444444444,5805.890833333333]]
1a58b598-98cc-4b74-b33b-36445186cab1;[0.0,0.5680555555555555,303.5938888888889,590.7225,802.485,2806.351388888889,3195.623888888889];[];[]
1a59cef2-4b41-432e-90fa-7db8e965e35b;[0.0,24.0,1872.0];[];[]
1a70ce63-c8d7-4a25-ad3f-4ecfb10814d5;[0.0,708.295,711.0341666666667,1192.4483333333333,1195.1241666666667,1547.8619444444444,1548.1805555555557,1739.3355555555556,1744.9041666666667,2100.4269444444444,2105.2677777777776,2267.240277777778,2270.4713888888887,2463.4969444444446,2468.0644444444442,3060.2266666666665,3061.680277777778,3226.8405555555555,3321.6002777777776,3683.491666666667,6324.310277777778,6324.948055555556,6349.296666666667,6357.295,6876.69,8594.757777777777,8596.810555555556,9228.445277777777,9230.6575,9236.225277777778,9238.396666666667,9274.97138888889,9278.446666666667,9283.181944444445,9514.041944444445,9514.956666666667,9524.3375,9526.445833333333,9542.296388888888,9657.684166666666,9661.234166666667,9662.575555555555,9676.0675,9679.8425,9684.884166666667,9687.875555555556,9691.3925,9787.909166666666];[];[[6324.948055555556,6349.296666666667]]
1abd2075-2c72-445c-bd41-523e41914274;[0.0,2.6230555555555557,388.79833333333335,1646.9483333333333,1661.2919444444444,3501.7027777777776,3526.4269444444444,3714.2855555555557,3806.4925,3865.9258333333332,5399.89,5662.14,10060.39,10081.14,10679.64,10832.64,19689.64,19971.223055555554,20611.64,20806.056666666667,20814.64,21049.39,22129.556666666667,22132.556666666667,27506.89,27575.223055555554,27580.056666666667,27616.973055555554,27757.066944444443,27770.890555555554,27781.80638888889,27795.456944444446,27806.040277777778,27818.04138888889,28490.395555555555,28700.393055555556,40026.97305555556,40131.556666666664,44107.89,44194.64,45272.838055555556,45703.78666666667,45719.63638888889,46280.299166666664,46283.23583333333,46408.57638888889,47806.556666666664,47843.1025,47846.72305555556,47854.14,47857.44944444444,51004.39,53744.501388888886,53891.7625,55023.7725,66772.39];[];[]
1ac6ec34-2f18-4cf9-b972-aff80d8f7c2b;[0.0,14.450277777777778,16.794444444444444,2446.2205555555556];[];[]
1af5e0ef-715a-4d6f-84ad-390fbf80a125;[0.0,2320.3069444444445,2325.1016666666665,2489.7105555555554,6928.213055555556,6928.873333333333,6929.6033333333335,6933.283055555556,6946.641388888889,6975.460277777778,6975.96,6995.300833333334,8852.019166666667,8871.954166666666,9464.475277777778,9829.723055555556,10106.299444444445];[];[[2325.1016666666665,2489.7105555555554]]
1b1f4181-8dea-45a2-a0bd-e130c5273920;[0.0,39.48555555555556,42.659166666666664,285.5675,298.41555555555556,513.4455555555555,542.6269444444445,592.1516666666666,2005.2880555555555,2230.4230555555555,2424.400277777778,2425.4880555555555,2438.3016666666667,2445.72,2734.9219444444443,2771.6916666666666,3398.816388888889,3407.1447222222223,3420.9327777777776,3731.3063888888887,3943.9069444444444,4141.603055555555,4726.876666666667,4742.678055555555,4758.543055555556,4762.248333333333,4809.945833333333,6079.685,6201.581944444444,6215.813888888889,6225.513055555555,6254.245,6257.231666666667,6263.661944444444,6271.137777777778,6277.270833333333,6278.085277777778,6283.788888888889,6997.990277777778,7000.313055555555,7004.4825,8341.417777777779,8370.278055555556,8370.968888888889,8373.574166666667,8447.961388888889,8454.680555555555,8508.486388888889,8527.767777777777,9126.285,9135.214444444444,9252.886944444444,10158.546666666667,10186.351944444445,10566.945,10584.52638888889,10590.982777777777,10600.104166666666,10928.044444444444,11042.464444444444,11056.139166666666,11114.499444444444,11153.723055555556,11176.190555555555,11246.961666666666,11319.396388888888,11335.09888888889,11471.7825,11481.340555555556,11493.380555555555,11651.4925,11653.923055555555,11654.885,12717.174444444445,13355.035,14173.25888888889,14469.318055555555,14511.024166666666,15168.869166666667,15186.131944444445,15881.695833333333,16362.013055555555,17063.2575];[];[[12717.174444444445,13355.035]]
1b3ce9f9-11d6-4600-91c1-c15854df23cf;[0.0,581.6894444444445,592.5405555555556,655.8294444444444,668.0588888888889,1759.9316666666666,1776.4416666666666,2695.090277777778,2699.3530555555553,3606.4738888888887,3825.921388888889,4085.2733333333335,5047.884444444445,5336.6325,6195.433888888889,6222.855555555556,6316.0038888888885,7389.8425,8176.4077777777775];[];[[3606.4738888888887,3825.921388888889]]
1b438416-aa1b-4613-8ac9-e2026a37958d;[0.0,10.616666666666667,1088.7830555555556,1193.2,1218.2830555555556,1237.8330555555556,1284.4666666666667,1311.6,1338.4166666666667,1348.048888888889,1358.6255555555556,2103.25,2105.6,2134.4666666666667,2137.6830555555557,3120.45,4264.65,4268.716666666666,4562.933055555555];[];[]
1b8d70c2-a094-41f7-bb46-836d1a61ac24;[0.0,648.9155555555556];[];[[0.0,648.9155555555556]]
1bb8ec85-482b-417a-a708-73e7c0baf55a;[0.0,167.96666666666667,169.56666666666666,488.9,489.6666666666667,656.6166666666667,657.5830555555556,778.0,780.05,908.65,916.3330555555556,939.05,1308.9330555555555,1309.6666666666667,1311.45,1323.6666666666667,1325.0666666666666,1851.15,1944.9,1947.1666666666667,1951.3830555555555,1952.6666666666667,2368.3830555555555,2440.3166666666666,3336.4,3339.4830555555554,3345.0,3665.95,3747.0666666666666,3985.05,4054.6666666666665,4227.433055555555,4228.816666666667,4395.683055555555,4396.566666666667,4415.65,4416.633055555556,4689.6];[];[]
1bdbd848-fb85-4978-97d8-23fab1e46853;[0.0,34.69,50.350833333333334,69.05638888888889,75.80416666666666,1940.9255555555555,1981.0555555555557];[];[[0.0,34.69]]
1bfbdc37-48e0-489e-a67d-c4523f2c91ac;[0.0,250.25194444444443,442.9166666666667,443.6666666666667,567.645,569.1477777777778,614.6330555555555,615.8705555555556,926.9625,927.7955555555556,1041.9380555555556,1042.3541666666667,1099.5855555555556,1341.5055555555555,1427.6116666666667,1428.0283333333334,1523.1258333333333,1523.6255555555556,1546.1152777777777,1546.6983333333333,1547.2816666666668,1547.7813888888888,1548.5313888888888,1549.0308333333332,1599.0980555555554,1599.5977777777778,1985.055,1986.2208333333333,2008.1191666666666,2008.7019444444445,2012.8675,2141.4491666666668,2199.596666666667,2200.929166666667,2458.096666666667,2459.4294444444445,2722.0930555555556,2723.1758333333332,2909.0316666666668,3123.4330555555557,3921.9505555555556,3923.1169444444445,4161.706666666667,4162.873055555556,4402.045555555555,4403.295,4532.003333333333];[];[]
1c0e8d10-ba4a-499f-8159-bde6dc70b1c8;[0.0,1104.0,1800.0,1824.0,1872.0,1920.0,1992.0,2016.0,2040.0,2112.0,2136.0,2160.0,2328.0,2448.0,2760.0,2832.0,2928.0,2952.0,3072.0,3216.0,3480.0,3600.0,3744.0,4272.0,4368.0,4392.0,4440.0,4488.0,4560.0,4968.0,5088.0,5160.0,5208.0,5232.0,5256.0,5376.0,5424.0,5544.0,5664.0,5712.0,5736.0,5784.0,5904.0,6048.0,6096.0,6144.0,6168.0,6264.0,6336.0,6456.0];[];[[0.0,1104.0]]
1c17a84f-a6b4-4df6-924e-f96690180ebf;[0.0,682.6516666666666,1258.5013888888889,1260.2005555555556,1595.0044444444445,1600.0880555555555,2312.4655555555555,2320.8369444444443,2360.4441666666667,3405.0391666666665,6922.262777777778,7144.1738888888885,7315.887777777778,7322.384166666667,8053.075555555555,10558.899166666666,10576.896944444445,12490.878055555555,13689.0925,13691.5125,13842.845277777778,13844.331666666667,13924.635833333334,13932.176388888889,13959.903333333334,13961.2625,13969.606944444444,13977.009166666667,14340.348055555556,14507.636666666667,16864.19777777778,17146.01777777778,17486.610277777778,18083.960277777776,18254.254166666666,18376.868055555555,21712.329166666666,21717.651944444446,21825.014166666668,24899.689166666667];[[2360.4441666666667,3405.0391666666665],[6922.262777777778,7144.1738888888885]];[[7144.1738888888885,7315.887777777778]]
1c31f7e6-c737-4afa-923b-8e89f25fa6cf;[0.0,156.51666666666668,164.03305555555556,169.0,187.61666666666667,1943.75,2327.75,3479.75,4823.75];[];[[0.0,156.51666666666668]]
1c565fd4-b9ec-4c59-a2c0-1a5b8c1361d0;[0.0,1962.1380555555556,2322.043888888889,2412.1155555555556,2439.4730555555557,2806.6344444444444,2960.8175,3497.2294444444447,5966.544166666667,5972.660277777778,5989.5775,5995.898888888889,8054.507777777778,8197.730277777779,8365.628055555555,8377.332777777778,8938.673333333334,9201.805555555555,10185.889444444445,10191.528055555556,10529.161944444444,10534.074166666667,11627.072777777777,11627.948888888888,11630.987777777778,11677.144166666667,11697.254166666668,12059.458055555555,12208.724444444444,15588.093888888889,15598.963055555556,15601.094166666666,15602.690833333334,15603.978055555555,18275.2775];[[2960.8175,3497.2294444444447]];[[3497.2294444444447,5966.544166666667],[12059.458055555555,12208.724444444444]]
1c68f939-635f-463e-81ec-d3d73fb49d5d;[0.0,7.554166666666666,9.066666666666666,11.82638888888889,14.806666666666667,16.979166666666668,22.571944444444444,22.875,135.56,260.92305555555555,261.48555555555555,273.3952777777778,313.90305555555557,315.40305555555557,315.84444444444443,316.19055555555553,323.0908333333333,325.06305555555554,325.34805555555556,325.5411111111111,358.65555555555557,494.00888888888886,2440.5827777777777];[];[[261.48555555555555,273.3952777777778]]
1c890468-db6f-427e-b0c2-4b16a54cca81;[0.0,443.4125,2546.58,3659.4105555555557,4634.58,5210.58];[];[[0.0,443.4125]]
1c9db047-e335-46ac-8039-effd8589b25b;[0.0,329.5966666666667,341.3513888888889,2086.836388888889,2091.3969444444447,2343.7925,2350.6091666666666,2353.8902777777776,2385.119166666667,2856.6280555555554,2859.9666666666667,2860.991666666667,3764.286666666667,3767.3316666666665,4913.433888888889,4962.444166666667,4964.3925,5483.6305555555555,5792.125555555555,5793.134444444445,7451.805,7453.4783333333335,8546.347777777777,8548.503888888888,10237.701666666666,12815.61];[[329.5966666666667,341.3513888888889],[2353.8902777777776,2385.119166666667]];[[341.3513888888889,2086.836388888889],[2385.119166666667,2856.6280555555554]]
1ca62f06-d317-441f-84fc-9ec39ee7fce7;[0.0,33.5025,350.49694444444447,364.2916666666667,455.5108333333333,463.97833333333335,510.06138888888887,609.2080555555556,1284.6180555555557,1292.2916666666667,1865.6025,1987.3080555555555,3691.77,3706.2480555555558,3710.9455555555555,3722.7302777777777,3740.235833333333,3792.0516666666667,3809.3233333333333,3833.2702777777777,3848.2891666666665];[];[[0.0,33.5025]]
1cb3ad48-cb63-4818-ac4f-9831d0336863;[0.0,68.29527777777778,79.9588888888889,113.01666666666667,179.86833333333334,426.8227777777778,2679.4691666666668,3616.3194444444443];[];[]
1cb91314-2c80-490d-8ed1-916720ba6d41;[0.0,504.0,840.0,984.0,1104.0,1224.0,3888.0,7488.0,8544.0,9144.0,13536.0];[];[]
1cbce6e5-9f0b-419f-9527-7add4e255217;[0.0,90.08888888888889,91.20333333333333,130.79916666666668,132.05027777777778,152.43055555555554,158.04916666666668,301.23805555555555,303.0130555555556,469.0991666666667,490.6433333333333,514.4580555555556,1359.1583333333333,2438.8355555555554,2494.4580555555553,2577.030277777778,2676.445277777778,3186.110277777778,3636.1241666666665,3767.15,3778.9166666666665,4099.417222222222,4839.400555555556,5923.161388888889,5929.275555555556,6256.705555555555,6273.531666666667,6444.4025,6467.073888888889,6658.419444444445,6681.674444444445,6730.571388888889,7493.516666666666,7621.344166666667,8002.067777777777,8212.129166666668,8590.413888888888,8612.650833333333,8613.903333333334,8633.685555555556,8634.992777777778,8968.580555555556,8970.071666666667,9014.418055555556,9015.717777777778,9394.636666666667,10834.701666666666,10841.165833333333,11326.783055555556,11746.3175,11747.176666666666,11815.605,11816.385555555555,12252.809166666666,12254.455,12424.723055555556,12425.791666666666,13095.823888888888,13732.728888888889,13737.08138888889,14201.830833333333,14224.623055555556,14245.005833333333,14773.540833333333,15192.905,15194.4975,15234.765555555556,15238.755,15595.005555555555,15767.733055555556];[[3186.110277777778,3636.1241666666665]];[[3636.1241666666665,3767.15],[7493.516666666666,7621.344166666667],[8212.129166666668,8590.413888888888]]
1cd4a74a-d7a9-4660-8b55-033a1d0a5892;[0.0,418.4194444444444,449.37694444444446,468.84527777777777,492.3925,514.8616666666667,539.8908333333334,565.1675,591.9491666666667,618.4816666666667,647.4538888888889,678.1330555555555,709.2091666666666,738.5325,770.5055555555556,802.6455555555556,830.9891666666666,860.8294444444444,889.5333333333333,920.1694444444445,949.4808333333333,979.8377777777778,1010.6075,1043.1691666666666,1075.4191666666666,1107.6691666666666,1141.2808333333332,1177.05,1210.6680555555556,1241.3758333333333,1272.65,1302.2091666666668,1334.7744444444445,1365.3705555555555,1398.1163888888889,1428.753888888889,1456.4916666666666,1485.6083333333333,1516.7202777777777,1547.6005555555555,1581.9183333333333,1613.3975,1641.4244444444444,1672.9225,1701.8830555555555,1734.1477777777777,1763.6541666666667,1793.6177777777777,1822.7980555555555,1853.7066666666667,1880.6891666666668,1907.1255555555556,1936.6394444444445,1963.6341666666667,1990.8416666666667,2018.2033333333334,2045.5975,2070.3055555555557,2096.1652777777776,2122.7652777777776,2149.7341666666666,2178.401388888889,2207.9766666666665,2236.6583333333333,2264.8175,2292.0208333333335,2319.4555555555557,2346.3205555555555,2373.9191666666666,2403.2916666666665,2432.0955555555556,2460.3688888888887,2486.1255555555554,2512.0769444444445,2536.2330555555554,2562.1908333333336,2586.4780555555553,2610.1291666666666,2633.86,2660.0716666666667,2685.4930555555557,2710.595277777778,2733.5152777777776,2756.3033333333333,2779.3630555555555,2802.525,2825.342777777778,2847.954166666667,2871.367777777778,2892.639166666667,2914.9752777777776,2934.7116666666666,2954.74,2976.3419444444444,2998.6252777777777,3013.0180555555557];[];[]
1cd75aaa-0732-4791-a0ca-022b0cfbb0a1;[0.0,47.44833333333333,57.79333333333334,84.90083333333334,92.94777777777777,348.9325,396.9613888888889,3287.8083333333334,3295.528888888889,3298.8955555555553,3333.840277777778,3342.4408333333336,3345.8480555555557,3367.843888888889,3370.428888888889,3395.8141666666666,5877.4944444444445,6807.0008333333335,6861.978888888889,7172.431388888889,7198.576388888889,7788.509166666667,7884.743888888889,7957.989166666666,8088.961388888889,8262.013888888889,8280.040277777778,8464.403055555556,8522.681666666667,8698.816666666668,8832.455555555556,9265.455,9428.891666666666,9494.153055555556,10686.796666666667];[];[[5877.4944444444445,6807.0008333333335]]
1ce2f548-606d-492b-8dae-c1c0913d6c8c;[0.0,6.833055555555555,151.225,164.475,166.89166666666668,203.61916666666667,205.70277777777778,3107.0469444444443,3108.7969444444443,3126.3805555555555,3143.463888888889,3378.963888888889,5409.543888888889,5457.543888888889,7094.2091666666665,8615.503055555555];[[6.833055555555555,151.225]];[]
1ced674f-111f-4f68-920b-906f87ade09f;[0.0,7396.016666666666,7474.016666666666,7802.016666666666,7820.016666666666,17022.8,17133.333055555555,17135.466666666667,17995.666666666668,17997.333055555555,19082.133055555554,19083.2,19085.866666666665,19128.4,19130.6,19490.8,20157.933055555557];[[7396.016666666666,7474.016666666666],[19490.8,20157.933055555557]];[]
1d3c13e9-0e1b-4291-9dcc-16507663ebf8;[0.0,607.3494444444444,645.6702777777778,648.7441666666666,1066.3408333333334,1070.1475,1103.3441666666668,1122.1155555555556,1363.7516666666668,2201.295,2373.860277777778,2594.6075,2737.6705555555554,2761.6094444444443,2966.010277777778,2972.168888888889,3608.5266666666666,3615.055,3796.1980555555556,4324.606944444445,5047.051388888889,5059.366666666667,5826.683333333333,7344.631666666667,8328.736388888889,9008.4525,10450.858888888888,10525.858888888888,12002.858888888888];[[2737.6705555555554,2761.6094444444443]];[[5059.366666666667,5826.683333333333]]
1d4741c1-9665-483b-9472-475b4dce5fe8;[0.0,8.520833333333334,105.27805555555555,127.705,256.3019444444444,325.0830555555556,990.8533333333334,1005.9830555555556,1529.9905555555556,1626.1116666666667,2738.4919444444445,2935.1075,2944.0158333333334,2967.659166666667,3038.2155555555555,3633.03,3704.546388888889,3758.6388888888887,3776.5530555555556,3897.9505555555556,4071.2541666666666,4077.5377777777776,4149.976388888889,4150.494166666666,5072.543888888889,5074.414444444445,5109.716666666666,5117.851388888889,5122.2219444444445,5124.026666666667,5126.1875,5132.715277777777,5133.980555555556,5137.445833333333,5137.801666666666,5144.230833333333,5145.2825,5145.4825,5145.793333333333,5199.398055555555,5199.508055555556,5480.013055555555,5579.6883333333335,5726.861666666667,5730.716944444444,6095.853055555555,7026.214166666667,7303.627777777778,7454.503333333333,7909.787777777778,7911.955555555555,8136.353055555555,8368.842777777778,8585.070555555556,9367.99138888889,9461.635833333334,9501.17];[];[[5480.013055555555,5579.6883333333335]]
1d8f7786-2b1a-4b9b-b543-c4551506a982;[0.0,10.2025,11.231944444444444,348.5775,470.88055555555553,625.8741666666666,628.1983333333334,988.1508333333334,1490.8305555555555,1493.0516666666667,2240.2466666666664,2242.1091666666666,2742.867777777778,3206.117777777778,3209.900833333333,3232.617777777778,3249.9177777777777,3348.400833333333,3349.3841666666667,3367.0841666666665,3369.2677777777776,3394.817777777778,3401.284166666667,3423.7677777777776,3427.2677777777776,3459.867777777778,3470.5508333333332,3480.4841666666666,3487.2508333333335,3542.467777777778,3956.8341666666665,3958.817777777778,3961.217777777778,4255.8677777777775,4567.950833333333];[];[[11.231944444444444,348.5775]]
1d94d884-9754-44e7-bd04-51f1e629f358;[0.0,41.14416666666666,123.39694444444444,124.91416666666667,139.655,143.4152777777778,148.62666666666667,152.34944444444446,444.75305555555553,446.2891666666667,486.78027777777777,1040.9516666666666,1042.0213888888889,1069.6233333333332,1071.2888888888888,1970.8794444444445,1981.2930555555556,2196.8330555555553,2218.5108333333333,4796.802777777778];[];[]
1dc54423-23b8-4bbf-9381-6e9acf9cccc4;[0.0,0.38305555555555554,21.0,111.23305555555555,129.15,173.16666666666666,177.06666666666666,179.05,183.2,190.15,195.43305555555557,208.36666666666667,221.16666666666666,238.76666666666668,240.81666666666666,251.95,722.6830555555556,1135.1666666666667,1816.9730555555554,2415.8144444444442,2536.9730555555557];[];[]
1deeb502-bbec-439a-a049-1601bc3cfcd8;[0.0,401.56055555555554,404.1016666666667,1237.7269444444444,1238.7083333333333,2123.8705555555557,2126.355,3522.231388888889,3927.838888888889,3932.028333333333,3934.5055555555555,3935.1883333333335,3947.1780555555556,3951.4430555555555,4000.551388888889,4073.181666666667,4142.544166666667,4146.8741666666665,4166.232777777778,4405.5216666666665,4451.418333333333,4507.386666666666,4513.464166666667,4526.859166666667,4553.343055555555,4556.2625,4571.310833333333,4696.389444444444,4704.235833333333,4714.846666666666,4722.368333333333,4734.369166666666,4736.603888888889,5097.402777777777,5098.511944444444,5200.5263888888885,5202.615833333333,5598.307777777778,5599.611944444445,5692.977777777778,5694.274166666667,5742.371944444444,5743.251666666667,5766.953888888889,5767.4075,5960.260555555556,5960.635555555556,6044.181666666666,6080.463055555556,6294.937777777778,6295.6113888888885,6563.336388888889,6564.2375,6631.406666666667,6632.616666666667,6715.440555555556,6730.293055555556,6736.7908333333335,6738.454166666666,6926.341944444444,7319.555,8330.798888888889,8460.3375,8493.283055555556,9054.826944444445,9440.829444444444,9447.818333333333,10115.365,10116.811666666666,10661.872777777779,10761.054444444444,10763.337777777779,11095.151944444444,11308.8525,11431.766666666666,11459.359444444444,11535.365833333333,11707.371666666666,11710.371666666666,11753.355,11758.071666666667,11993.605,12220.438055555556,12347.971666666666,12395.888055555555,12510.055,12545.388055555555,12617.655,12837.355,12921.538055555555,12931.038055555555,12932.071666666667,13047.071666666667,13050.021666666667,13091.488055555556];[[4405.5216666666665,4451.418333333333]];[[4526.859166666667,4553.343055555555],[9054.826944444445,9440.829444444444],[9447.818333333333,10115.365]]
1dfaf03c-e297-4d92-a0bf-40b1a829391f;[0.0,7.4,7.933055555555556,14.466666666666667,14.933055555555555,2358.5666666666666];[];[]
1e149fbd-41c6-4779-b87d-c5dc17fbb4c0;[0.0,635.3127777777778];[];[[0.0,635.3127777777778]]
1e19b77c-8a0e-4749-a384-9c1e679035bf;[0.0,82.16555555555556,216.66027777777776,229.17555555555555,331.88694444444445,354.09805555555556,401.7013888888889,430.90777777777777,435.1802777777778,438.9791666666667,447.67805555555555,476.6091666666667,502.8025,507.3330555555556,586.0158333333334,598.3080555555556,603.7302777777778,605.3702777777778,619.9925,636.6169444444445,783.0888888888888,795.4919444444445,1021.4769444444445,1024.7202777777777,1032.1508333333334,1082.9505555555556,1118.6875,1155.0741666666668,1348.5013888888889,1379.8141666666668,1382.9377777777777,1400.2466666666667,1413.368888888889,1555.43,1573.2516666666668,1597.2255555555555,1686.655,1701.3516666666667,1718.1044444444444,1737.5766666666666,1751.2483333333332,1847.8058333333333,1869.6216666666667,1885.0466666666666];[];[]
1e4b4c18-1e32-45eb-917a-5760e33fbaca;[0.0,1217.8258333333333,1223.6030555555556,1251.9055555555556,1272.1441666666667,5053.276666666667,6880.005833333334,9541.77638888889,10288.5075,10339.343055555555,10739.613055555556,11015.488055555556,11018.7475,12089.748055555556,12411.745833333332,12946.091944444444,13002.254444444445,13016.885555555555,13116.664444444445,13193.01638888889,14557.866666666667,14582.775555555556,17724.209166666667,18884.069166666668,19294.1025];[[9541.77638888889,10288.5075]];[[10339.343055555555,10739.613055555556],[13116.664444444445,13193.01638888889]]
1e7f7ecb-a6a7-40ef-9d1c-48aa96eb6c38;[0.0,12.016666666666667,21.483055555555556,640.8427777777778,1512.9027777777778,1589.8425,2503.9991666666665,2580.579166666667,3085.2830555555556,3085.8419444444444,3101.6644444444446,3106.5780555555557,3125.8069444444445,5649.59,5713.25,5838.859166666667,5873.411666666667,5916.784166666666,5962.224166666667,6293.0675,6314.861666666667,6320.165555555555,6324.885,7625.427777777778,8265.646388888888,10258.838333333333,10259.746666666666,10260.046944444444,10843.998055555556];[];[]
